{
    "Metrics": {
        "throw median": {
            "5": {
                "balanced_accuracy": {
                    "validation": 0.45,
                    "oob": 0.6431818181818183
                },
                "accuracy": {
                    "validation": 0.538,
                    "oob": 0.7333333333333333
                },
                "f1_weighted": {
                    "validation": 0.495,
                    "oob": 0.726991028295376
                }
            },
            "10": {
                "balanced_accuracy": {
                    "validation": 0.452,
                    "oob": 0.5977272727272729
                },
                "accuracy": {
                    "validation": 0.547,
                    "oob": 0.7133333333333333
                },
                "f1_weighted": {
                    "validation": 0.496,
                    "oob": 0.6973830227743271
                }
            },
            "50": {
                "balanced_accuracy": {
                    "validation": 0.459,
                    "oob": 0.503409090909091
                },
                "accuracy": {
                    "validation": 0.569,
                    "oob": 0.6799999999999999
                },
                "f1_weighted": {
                    "validation": 0.488,
                    "oob": 0.6306915113871636
                }
            },
            "100": {
                "balanced_accuracy": {
                    "validation": 0.468,
                    "oob": 0.5011363636363637
                },
                "accuracy": {
                    "validation": 0.591,
                    "oob": 0.7
                },
                "f1_weighted": {
                    "validation": 0.489,
                    "oob": 0.6251087752826883
                }
            }
        },
        "qcut": {
            "5": {
                "balanced_accuracy": {
                    "validation": 0.342,
                    "oob": 0.3347222222222222
                },
                "accuracy": {
                    "validation": 0.332,
                    "oob": 0.35333333333333333
                },
                "f1_weighted": {
                    "validation": 0.319,
                    "oob": 0.3581367521367521
                }
            },
            "10": {
                "balanced_accuracy": {
                    "validation": 0.369,
                    "oob": 0.31666666666666665
                },
                "accuracy": {
                    "validation": 0.35,
                    "oob": 0.32
                },
                "f1_weighted": {
                    "validation": 0.334,
                    "oob": 0.32427350427350426
                }
            },
            "50": {
                "balanced_accuracy": {
                    "validation": 0.383,
                    "oob": 0.2986111111111111
                },
                "accuracy": {
                    "validation": 0.379,
                    "oob": 0.3066666666666667
                },
                "f1_weighted": {
                    "validation": 0.353,
                    "oob": 0.3147993487993488
                }
            },
            "100": {
                "balanced_accuracy": {
                    "validation": 0.384,
                    "oob": 0.32222222222222224
                },
                "accuracy": {
                    "validation": 0.371,
                    "oob": 0.3266666666666667
                },
                "f1_weighted": {
                    "validation": 0.347,
                    "oob": 0.33965811965811965
                }
            }
        },
        "median": {
            "5": {
                "balanced_accuracy": {
                    "validation": 0.469,
                    "oob": 0.53
                },
                "accuracy": {
                    "validation": 0.461,
                    "oob": 0.4600000000000001
                },
                "f1_weighted": {
                    "validation": 0.453,
                    "oob": 0.4486651583710407
                }
            },
            "10": {
                "balanced_accuracy": {
                    "validation": 0.458,
                    "oob": 0.545
                },
                "accuracy": {
                    "validation": 0.452,
                    "oob": 0.47333333333333333
                },
                "f1_weighted": {
                    "validation": 0.443,
                    "oob": 0.46571428571428575
                }
            },
            "50": {
                "balanced_accuracy": {
                    "validation": 0.486,
                    "oob": 0.535
                },
                "accuracy": {
                    "validation": 0.47,
                    "oob": 0.44666666666666666
                },
                "f1_weighted": {
                    "validation": 0.462,
                    "oob": 0.4252639517345399
                }
            },
            "100": {
                "balanced_accuracy": {
                    "validation": 0.499,
                    "oob": 0.545
                },
                "accuracy": {
                    "validation": 0.482,
                    "oob": 0.4600000000000001
                },
                "f1_weighted": {
                    "validation": 0.471,
                    "oob": 0.4405106658047834
                }
            }
        }
    },
    "Parameters": {
        "throw median": {
            "5": {
                "n_estimators": 400,
                "min_samples_split": 10,
                "min_samples_leaf": 2,
                "max_features": "auto",
                "max_depth": 60,
                "bootstrap": true
            },
            "10": {
                "n_estimators": 1400,
                "min_samples_split": 10,
                "min_samples_leaf": 1,
                "max_features": "sqrt",
                "max_depth": 40,
                "bootstrap": true
            },
            "50": {
                "n_estimators": 400,
                "min_samples_split": 2,
                "min_samples_leaf": 4,
                "max_features": "auto",
                "max_depth": 30,
                "bootstrap": true
            },
            "100": {
                "n_estimators": 400,
                "min_samples_split": 10,
                "min_samples_leaf": 2,
                "max_features": "auto",
                "max_depth": 60,
                "bootstrap": true
            }
        },
        "qcut": {
            "5": {
                "n_estimators": 400,
                "min_samples_split": 2,
                "min_samples_leaf": 4,
                "max_features": "auto",
                "max_depth": 30,
                "bootstrap": true
            },
            "10": {
                "n_estimators": 600,
                "min_samples_split": 2,
                "min_samples_leaf": 2,
                "max_features": "sqrt",
                "max_depth": 10,
                "bootstrap": false
            },
            "50": {
                "n_estimators": 400,
                "min_samples_split": 10,
                "min_samples_leaf": 2,
                "max_features": "auto",
                "max_depth": 60,
                "bootstrap": true
            },
            "100": {
                "n_estimators": 1000,
                "min_samples_split": 2,
                "min_samples_leaf": 1,
                "max_features": "sqrt",
                "max_depth": 70,
                "bootstrap": true
            }
        },
        "median": {
            "5": {
                "n_estimators": 1400,
                "min_samples_split": 10,
                "min_samples_leaf": 1,
                "max_features": "sqrt",
                "max_depth": 40,
                "bootstrap": true
            },
            "10": {
                "n_estimators": 1000,