,Agreeableness,Agreeableness,Agreeableness,Agreeableness,Agreeableness,Openness,Openness,Openness,Openness,Openness,Conscientiousness,Conscientiousness,Conscientiousness,Conscientiousness,Conscientiousness,Neuroticism,Neuroticism,Neuroticism,Neuroticism,Neuroticism,Extraversion,Extraversion,Extraversion,Extraversion,Extraversion
,learning_rate,min_samples_leaf,min_samples_split,n_estimators,tol,learning_rate,min_samples_leaf,min_samples_split,n_estimators,tol,learning_rate,min_samples_leaf,min_samples_split,n_estimators,tol,learning_rate,min_samples_leaf,min_samples_split,n_estimators,tol,learning_rate,min_samples_leaf,min_samples_split,n_estimators,tol
5,1.0,1,10,600,0.0036256176345762265,1.0,2,5,600,0.0017249321573179,0.8,1,10,400,0.007902619549708226,1.0,1,10,400,0.00012966511753760403,0.9,2,5,800,0.009647685075720095
10,0.9,2,5,200,0.0001076297928574797,0.9,2,5,200,0.0001076297928574797,0.8,4,10,600,0.00019010245319870352,1.0,2,5,600,0.0017249321573179,1.0,1,10,600,0.0036256176345762265
50,1.0,1,10,200,0.0016409286730647914,1.0,1,10,600,0.0036256176345762265,1.0,1,10,400,0.00012966511753760403,0.8,2,5,200,0.000730953983591291,1.0,1,10,200,0.0016409286730647914
0,1.0,1,10,200,0.0016409286730647914,0.8,4,10,600,0.00019010245319870352,0.8,4,5,600,0.00015847101210439088,0.8,4,5,600,0.00015847101210439088,0.8,4,10,600,0.00019010245319870352
