,Agreeableness,Agreeableness,Agreeableness,Agreeableness,Agreeableness,Openness,Openness,Openness,Openness,Openness,Conscientiousness,Conscientiousness,Conscientiousness,Conscientiousness,Conscientiousness,Neuroticism,Neuroticism,Neuroticism,Neuroticism,Neuroticism,Extraversion,Extraversion,Extraversion,Extraversion,Extraversion
,learning_rate,min_samples_leaf,min_samples_split,n_estimators,tol,learning_rate,min_samples_leaf,min_samples_split,n_estimators,tol,learning_rate,min_samples_leaf,min_samples_split,n_estimators,tol,learning_rate,min_samples_leaf,min_samples_split,n_estimators,tol,learning_rate,min_samples_leaf,min_samples_split,n_estimators,tol
5,1.0,1,10,600,0.0036256176345762265,0.8,4,5,600,0.00015847101210439088,0.8,4,5,600,0.00015847101210439088,0.9,2,5,800,0.00023270677083837797,1.0,4,10,400,0.0001239742034078414
10,0.9,2,5,200,0.0001076297928574797,0.9,2,5,800,0.00023270677083837797,0.9,2,5,200,0.0001076297928574797,1.0,2,5,1400,0.0017249321573179,0.9,2,5,200,0.0001076297928574797
50,1.0,2,5,1400,0.0017249321573179,1.0,4,10,400,0.0001239742034078414,0.9,2,2,800,0.00011120513715710631,1.0,1,10,1000,0.0016409286730647914,1.0,1,10,1200,0.00012966511753760403
0,0.8,4,5,600,0.00015847101210439088,1.0,4,10,400,0.0001239742034078414,0.8,4,5,600,0.00015847101210439088,0.8,4,5,600,0.00015847101210439088,1.0,4,10,400,0.0001239742034078414
