,Agreeableness,Agreeableness,Agreeableness,Agreeableness,Agreeableness,Openness,Openness,Openness,Openness,Openness,Conscientiousness,Conscientiousness,Conscientiousness,Conscientiousness,Conscientiousness,Neuroticism,Neuroticism,Neuroticism,Neuroticism,Neuroticism,Extraversion,Extraversion,Extraversion,Extraversion,Extraversion
,learning_rate,min_samples_leaf,min_samples_split,n_estimators,tol,learning_rate,min_samples_leaf,min_samples_split,n_estimators,tol,learning_rate,min_samples_leaf,min_samples_split,n_estimators,tol,learning_rate,min_samples_leaf,min_samples_split,n_estimators,tol,learning_rate,min_samples_leaf,min_samples_split,n_estimators,tol
5,1.0,1,10,600,0.0036256176345762265,1.0,1,10,1000,0.0016409286730647914,0.9,2,5,200,0.0001076297928574797,1.0,1,10,600,0.0036256176345762265,0.8,4,5,600,0.00015847101210439088
10,0.9,2,5,800,0.00023270677083837797,0.8,4,5,600,0.00015847101210439088,0.8,4,5,600,0.00015847101210439088,0.9,2,5,800,0.00023270677083837797,1.0,4,10,400,0.0001239742034078414
50,1.0,1,10,600,0.0036256176345762265,1.0,2,5,1400,0.0017249321573179,0.8,1,10,400,0.007902619549708226,0.9,2,2,800,0.00011120513715710631,0.8,4,5,600,0.00015847101210439088
0,0.8,4,5,600,0.00015847101210439088,1.0,4,10,400,0.0001239742034078414,0.8,4,5,600,0.00015847101210439088,0.8,4,5,600,0.00015847101210439088,1.0,4,10,400,0.0001239742034078414
