,Agreeableness,Agreeableness,Agreeableness,Agreeableness,Openness,Openness,Openness,Openness,Conscientiousness,Conscientiousness,Conscientiousness,Conscientiousness,Neuroticism,Neuroticism,Neuroticism,Neuroticism,Extraversion,Extraversion,Extraversion,Extraversion
,C,class_weight,gamma,kernel,C,class_weight,gamma,kernel,C,class_weight,gamma,kernel,C,class_weight,gamma,kernel,C,class_weight,gamma,kernel
5,314.28808908401083,,0.0001003592787878091,linear,314.28808908401083,,0.0001003592787878091,linear,34.89018845491386,,0.0008580760619921299,rbf,314.28808908401083,,0.0001003592787878091,linear,314.28808908401083,,0.0001003592787878091,linear
10,133.1121608073688,,0.00012966511753760403,linear,133.1121608073688,,0.00012966511753760403,linear,133.1121608073688,,0.00012966511753760403,linear,314.28808908401083,,0.0001003592787878091,linear,34.89018845491386,,0.0008580760619921299,rbf
50,3.5498788321965016,,0.0016722697006183672,rbf,314.28808908401083,,0.0001003592787878091,linear,3.5498788321965016,,0.0016722697006183672,rbf,19.762189340280067,balanced,0.0011208547084229368,sigmoid,133.1121608073688,,0.00012966511753760403,linear
0,3.5498788321965016,,0.0016722697006183672,rbf,1.4936568554617629,,0.00046496174473363317,linear,34.89018845491386,,0.0008580760619921299,rbf,3.5498788321965016,,0.0016722697006183672,rbf,34.89018845491386,,0.0008580760619921299,rbf
