,Agreeableness,Agreeableness,Agreeableness,Agreeableness,Openness,Openness,Openness,Openness,Conscientiousness,Conscientiousness,Conscientiousness,Conscientiousness,Neuroticism,Neuroticism,Neuroticism,Neuroticism,Extraversion,Extraversion,Extraversion,Extraversion
,C,class_weight,gamma,kernel,C,class_weight,gamma,kernel,C,class_weight,gamma,kernel,C,class_weight,gamma,kernel,C,class_weight,gamma,kernel
5,133.1121608073688,,0.00012966511753760403,linear,133.1121608073688,,0.00012966511753760403,linear,1.4936568554617629,,0.00046496174473363317,linear,314.28808908401083,,0.0001003592787878091,linear,34.89018845491386,,0.0008580760619921299,rbf
10,314.28808908401083,,0.0001003592787878091,linear,314.28808908401083,,0.0001003592787878091,linear,314.28808908401083,,0.0001003592787878091,linear,314.28808908401083,,0.0001003592787878091,linear,314.28808908401083,,0.0001003592787878091,linear
50,314.28808908401083,,0.0001003592787878091,linear,133.1121608073688,,0.00012966511753760403,linear,133.1121608073688,,0.00012966511753760403,linear,34.89018845491386,,0.0008580760619921299,rbf,1.4936568554617629,,0.00046496174473363317,linear
0,3.5498788321965016,,0.0016722697006183672,rbf,3.5498788321965016,,0.0016722697006183672,rbf,2.6210878782654397,,0.008861577452533069,sigmoid,34.89018845491386,,0.0008580760619921299,rbf,3.5498788321965016,,0.0016722697006183672,rbf
