,Agreeableness,Agreeableness,Agreeableness,Agreeableness,Openness,Openness,Openness,Openness,Conscientiousness,Conscientiousness,Conscientiousness,Conscientiousness,Neuroticism,Neuroticism,Neuroticism,Neuroticism,Extraversion,Extraversion,Extraversion,Extraversion
,C,class_weight,gamma,kernel,C,class_weight,gamma,kernel,C,class_weight,gamma,kernel,C,class_weight,gamma,kernel,C,class_weight,gamma,kernel
5,314.28808908401083,,0.0001003592787878091,linear,314.28808908401083,,0.0001003592787878091,linear,3.5498788321965016,,0.0016722697006183672,rbf,314.28808908401083,,0.0001003592787878091,linear,314.28808908401083,,0.0001003592787878091,linear
10,314.28808908401083,,0.0001003592787878091,linear,314.28808908401083,,0.0001003592787878091,linear,314.28808908401083,,0.0001003592787878091,linear,314.28808908401083,,0.0001003592787878091,linear,314.28808908401083,,0.0001003592787878091,linear
50,133.1121608073688,,0.00012966511753760403,linear,314.28808908401083,,0.0001003592787878091,linear,133.1121608073688,,0.00012966511753760403,linear,314.28808908401083,,0.0001003592787878091,linear,314.28808908401083,,0.0001003592787878091,linear
0,13.292918943162162,balanced,0.0002327392228062871,linear,13.292918943162162,balanced,0.0002327392228062871,linear,13.292918943162162,balanced,0.0002327392228062871,linear,13.292918943162162,balanced,0.0002327392228062871,linear,13.292918943162162,balanced,0.0002327392228062871,linear
