,Agreeableness,Agreeableness,Agreeableness,Agreeableness,Openness,Openness,Openness,Openness,Conscientiousness,Conscientiousness,Conscientiousness,Conscientiousness,Neuroticism,Neuroticism,Neuroticism,Neuroticism,Extraversion,Extraversion,Extraversion,Extraversion
,C,class_weight,gamma,kernel,C,class_weight,gamma,kernel,C,class_weight,gamma,kernel,C,class_weight,gamma,kernel,C,class_weight,gamma,kernel
5,314.28808908401083,,0.0001003592787878091,linear,314.28808908401083,,0.0001003592787878091,linear,1.4936568554617629,,0.00046496174473363317,linear,314.28808908401083,,0.0001003592787878091,linear,314.28808908401083,,0.0001003592787878091,linear
10,314.28808908401083,,0.0001003592787878091,linear,314.28808908401083,,0.0001003592787878091,linear,314.28808908401083,,0.0001003592787878091,linear,314.28808908401083,,0.0001003592787878091,linear,314.28808908401083,,0.0001003592787878091,linear
50,314.28808908401083,,0.0001003592787878091,linear,314.28808908401083,,0.0001003592787878091,linear,314.28808908401083,,0.0001003592787878091,linear,314.28808908401083,,0.0001003592787878091,linear,13.292918943162162,balanced,0.0002327392228062871,linear
0,13.292918943162162,balanced,0.0002327392228062871,linear,13.292918943162162,balanced,0.0002327392228062871,linear,34.89018845491386,,0.0008580760619921299,rbf,34.89018845491386,,0.0008580760619921299,rbf,13.292918943162162,balanced,0.0002327392228062871,linear
