,Agreeableness,Agreeableness,Agreeableness,Agreeableness,Openness,Openness,Openness,Openness,Conscientiousness,Conscientiousness,Conscientiousness,Conscientiousness,Neuroticism,Neuroticism,Neuroticism,Neuroticism,Extraversion,Extraversion,Extraversion,Extraversion
,C,class_weight,gamma,kernel,C,class_weight,gamma,kernel,C,class_weight,gamma,kernel,C,class_weight,gamma,kernel,C,class_weight,gamma,kernel
5,200.2074048849186,balanced,0.0008331759812852307,linear,200.2074048849186,balanced,0.0008331759812852307,linear,11.401363110806296,,0.007618344453654781,sigmoid,200.2074048849186,balanced,0.0008331759812852307,linear,11.401363110806296,,0.007618344453654781,sigmoid
10,200.2074048849186,balanced,0.0008331759812852307,linear,200.2074048849186,balanced,0.0008331759812852307,linear,1.0651648533989917,,0.00013369310238238336,linear,200.2074048849186,balanced,0.0008331759812852307,linear,496.3147348446938,,0.0002439668102812488,rbf
50,200.2074048849186,balanced,0.0008331759812852307,linear,200.2074048849186,balanced,0.0008331759812852307,linear,5.340330121389714,,0.002797540672013975,poly,1.0651648533989917,,0.00013369310238238336,linear,16.131374385673986,,0.006840517575253248,poly
0,496.3147348446938,,0.0002439668102812488,rbf,11.401363110806296,,0.007618344453654781,sigmoid,1.0651648533989917,,0.00013369310238238336,linear,200.2074048849186,balanced,0.0008331759812852307,linear,19.446430958399628,,0.00029196606098667833,rbf
