,throw median,throw median,throw median,throw median,qcut,qcut,qcut,qcut,median,median,median,median
,C,class_weight,gamma,kernel,C,class_weight,gamma,kernel,C,class_weight,gamma,kernel
5,30.465263348460073,,0.0001408488205819359,sigmoid,37.35171162844947,balanced,0.00016860069267847497,sigmoid,37.35171162844947,balanced,0.00016860069267847497,sigmoid
10,30.465263348460073,,0.0001408488205819359,sigmoid,30.465263348460073,,0.0001408488205819359,sigmoid,30.465263348460073,,0.0001408488205819359,sigmoid
50,30.465263348460073,,0.0001408488205819359,sigmoid,8.511930051358032,,0.00018602741112914978,sigmoid,8.511930051358032,,0.00018602741112914978,sigmoid
100,2.7314960038856624,balanced,0.00015039209948365523,poly,15.452178955314634,,0.00020155865068810367,poly,16.77226057448047,,0.00030793579824823906,linear
