,throw median,throw median,throw median,throw median,qcut,qcut,qcut,qcut,median,median,median,median
,C,class_weight,gamma,kernel,C,class_weight,gamma,kernel,C,class_weight,gamma,kernel
5,19.446430958399628,,0.00029196606098667833,rbf,11.401363110806296,,0.007618344453654781,sigmoid,200.2074048849186,balanced,0.0008331759812852307,linear
10,11.401363110806296,,0.007618344453654781,sigmoid,11.401363110806296,,0.007618344453654781,sigmoid,496.3147348446938,,0.0002439668102812488,rbf
50,200.2074048849186,balanced,0.0008331759812852307,linear,496.3147348446938,,0.0002439668102812488,rbf,496.3147348446938,,0.0002439668102812488,rbf
100,200.2074048849186,balanced,0.0008331759812852307,linear,19.446430958399628,,0.00029196606098667833,rbf,1.9025008523597733,,0.009068973491620256,poly
