,throw median,throw median,throw median,throw median
,C,class_weight,gamma,kernel
5,0.6806357046664457,,0.004171239641903029,sigmoid
10,95.14094558044508,,0.004139712109662752,sigmoid
50,0.8936516259279036,,0.0012978298748947935,sigmoid
100,10.29078653034327,,0.00016984746275397255,rbf
