,throw median,throw median,throw median,throw median,qcut,qcut,qcut,qcut,median,median,median,median
,C,class_weight,gamma,kernel,C,class_weight,gamma,kernel,C,class_weight,gamma,kernel
5,2.7314960038856624,balanced,0.00015039209948365523,poly,2.7314960038856624,balanced,0.00015039209948365523,poly,8.511930051358032,,0.00018602741112914978,sigmoid
10,2.7314960038856624,balanced,0.00015039209948365523,poly,2.7314960038856624,balanced,0.00015039209948365523,poly,15.452178955314634,,0.00020155865068810367,poly
50,1.4764029949637407,balanced,0.0011414089620325873,sigmoid,101.16090508837898,,0.003776930255339378,rbf,2.7314960038856624,balanced,0.00015039209948365523,poly
100,1.4764029949637407,balanced,0.0011414089620325873,sigmoid,101.16090508837898,,0.003776930255339378,rbf,105.61344217478786,balanced,0.0022015746734815366,poly
