,throw median,throw median,throw median,throw median,qcut,qcut,qcut,qcut,median,median,median,median
,C,class_weight,gamma,kernel,C,class_weight,gamma,kernel,C,class_weight,gamma,kernel
5,129.24102908942197,balanced,0.0005010767134877153,poly,1.4669569386024401,balanced,0.0021143233468099215,poly,3.902154672988691,,0.001641047408477487,poly
10,17.86939359099495,,0.0025071772356429676,poly,15.293899727507974,,0.0002642538858315486,poly,8.44137854823406,balanced,0.0005004501569957137,sigmoid
50,1.3181998716546677,,0.0017563897086187857,rbf,2.80756318969983,,0.001278699404937138,rbf,7.156657210427573,,0.0022288119788397447,rbf
100,12.454226192356822,,0.0060635340177048235,poly,1.6917993089998518,,0.0021063852604906604,sigmoid,4.680037181087471,balanced,0.0010681358184377078,sigmoid
