,throw median,throw median,throw median,throw median,qcut,qcut,qcut,qcut,median,median,median,median
,C,class_weight,gamma,kernel,C,class_weight,gamma,kernel,C,class_weight,gamma,kernel
5,6.6819939679820495,balanced,0.0006205626570752809,poly,0.012264390929824403,balanced,0.004361647975733002,rbf,0.0375687235521763,balanced,0.0003842930638158485,rbf
10,95.14094558044508,,0.004139712109662752,sigmoid,0.013819397291210908,,0.003794616017430135,sigmoid,22.85191430337457,balanced,0.008429617636354629,sigmoid
50,3.851100928484954,balanced,0.0013309762111351794,rbf,0.013819397291210908,,0.003794616017430135,sigmoid,0.018946852900362205,balanced,0.008727107735280445,sigmoid
100,10.29078653034327,,0.00016984746275397255,rbf,397.15011998743074,balanced,0.000375139834828203,sigmoid,881.1656671127379,,0.0022027201958256647,linear
