,throw median,throw median,throw median,throw median,qcut,qcut,qcut,qcut,median,median,median,median
,C,class_weight,gamma,kernel,C,class_weight,gamma,kernel,C,class_weight,gamma,kernel
5,1.9025008523597733,,0.009068973491620256,poly,200.2074048849186,balanced,0.0008331759812852307,linear,496.3147348446938,,0.0002439668102812488,rbf
10,1.9025008523597733,,0.009068973491620256,poly,11.401363110806296,,0.007618344453654781,sigmoid,11.401363110806296,,0.007618344453654781,sigmoid
50,85.30444417114474,balanced,0.00027945786941112083,sigmoid,200.2074048849186,balanced,0.0008331759812852307,linear,496.3147348446938,,0.0002439668102812488,rbf
100,200.2074048849186,balanced,0.0008331759812852307,linear,11.401363110806296,,0.007618344453654781,sigmoid,1.9025008523597733,,0.009068973491620256,poly
