,throw median,throw median,throw median,throw median,qcut,qcut,qcut,qcut,median,median,median,median
,C,class_weight,gamma,kernel,C,class_weight,gamma,kernel,C,class_weight,gamma,kernel
5,30.465263348460073,,0.0001408488205819359,sigmoid,30.465263348460073,,0.0001408488205819359,sigmoid,37.35171162844947,balanced,0.00016860069267847497,sigmoid
10,30.465263348460073,,0.0001408488205819359,sigmoid,30.465263348460073,,0.0001408488205819359,sigmoid,30.465263348460073,,0.0001408488205819359,sigmoid
50,8.511930051358032,,0.00018602741112914978,sigmoid,47.848828710507206,,0.001079501659756022,linear,8.511930051358032,,0.00018602741112914978,sigmoid
100,37.35171162844947,balanced,0.00016860069267847497,sigmoid,101.16090508837898,,0.003776930255339378,rbf,8.511930051358032,,0.00018602741112914978,sigmoid
