prediction_0_for_0_1_for_2,target
0.9661093,1
0.0374279,0
0.0021490895,0
0.19288,0
0.17622374,0
0.7988224,0
0.0210577,0
0.4794288,0
0.19446042,0
0.19446042,0
0.006545584,0
0.02709748,0
0.1272784,0
0.006593709,0
0.07367539,0
0.009754903,0
0.0029233957,0
0.0164318,0
0.4068814,0
0.44212064,1
0.037270546,0
0.96881735,1
0.00712008,0
0.32421747,0
0.015857508,0
0.94901687,1
0.9290508,1
