target,prediction
1,0.5312094
1,0.5312094
0,0.49062613
1,0.5312094
0,0.49062613
0,0.5312094
0,0.46649763
1,0.46649763
0,0.47436458
0,0.5312094
1,0.46649763
0,0.46649763
0,0.49062613
1,0.47436458
1,0.49062613
0,0.49062613
1,0.5312094
0,0.5312094
1,0.46649763
0,0.46649763
0,0.5312094
0,0.49062613
1,0.46649763
1,0.5
0,0.5312094
0,0.5312094
1,0.46649763
1,0.5312094
0,0.46649763
0,0.5312094
0,0.5
0,0.49062613
0,0.49062613
0,0.49062613
